Step,Role,Message
1,Assistant,Hello and welcome! How can I assist you with your travel plans today?
2,User,I'm looking to plan a trip.
3,Assistant,"Great! Are you looking for an exciting getaway, or do you already have a destination in mind?"
4,User,I'm open to suggestions.
5,Assistant,Good day! I’d love to help you plan your next adventure. What type of trip are you thinking of?
6,User,I'm interested in a beach vacation.
7,Assistant,"Tell me a bit about your ideal destination! Are you looking for a beach, a city escape, or an adventure in the mountains?"
8,User,A beach escape sounds perfect.
9,Assistant,"Do you have a particular country or city in mind for your next trip, or would you like some recommendations based on your interests?"
10,User,Could you recommend some destinations?
11,Assistant,"What’s your travel style—are you looking for luxury, a family-friendly vacation, or perhaps something off-the-beaten-path?"
12,User,Something luxurious.
13,Assistant,Do you have a budget range in mind? This will help me find the best packages that fit your needs.
14,User,My budget is around $5000.
15,Assistant,I can help you find options within your budget. What’s your preferred price range for your trip?
16,User,$4000-$6000
17,Assistant,Are you open to different travel package tiers? I can offer both budget-friendly and luxury options depending on your preferences.
18,User,I prefer luxury.
19,Assistant,When are you thinking of traveling? I can check availability and help you plan accordingly.
20,User,In July.
21,Assistant,"Do you have specific travel dates, or are you flexible? I can suggest the best deals for your preferred timing."
22,User,"Flexible, in the first two weeks."
23,Assistant,How long would you like your vacation to be? I can recommend some great itineraries for different durations.
24,User,Around 7 days.
25,Assistant,"Would you like to customize your package with additional services like airport transfers, tours, or upgrades?"
26,User,"Yes, please include airport transfers."
27,Assistant,"I can add special activities to your package. Are you interested in excursions, guided tours, or VIP experiences?"
28,User,Guided tours sound good.
29,Assistant,"Do you want to include a hotel stay, car rental, or perhaps a special experience like a spa treatment? I’ll tailor everything to fit your needs."
30,User,"A nice hotel and spa treatment, please."
31,Assistant,We have some fantastic limited-time offers! Would you like me to show you any special discounts or promotions for your dates?
32,User,"Yes, please do."
33,Assistant,"By booking now, you can take advantage of our current deals. Let me know if you'd like more details on the discounts available."
34,User,Tell me more about the deals.
35,Assistant,I can check for any seasonal deals or exclusive offers to give you the best possible price. Interested?
36,User,Definitely!
37,Assistant,Would you like me to go ahead and reserve this package for you? I can finalize everything with just a few details.
38,User,"Yes, let's proceed."
39,Assistant,It looks like we have the perfect package for you! Ready to book your dream trip today?
40,User,I think so. What's the next step?
41,Assistant,I can help you complete the booking right now. All I need is some info to get started. Shall we proceed?
42,User,"Yes, let's do it."
43,Assistant,I’ll now process your payment details to confirm your booking. Just let me know how you’d prefer to pay.
44,User,Credit card.
45,Assistant,"Your package is almost confirmed. Please provide your payment details, and I'll finalize your reservation."
46,User,"Okay, here are the details..."
47,Assistant,I’ll send you a confirmation email with all the details once your payment is processed. Can I assist you with anything else while we’re finalizing?
48,User,"No, that's all for now. Thanks!"
49,Assistant,Your booking is confirmed! I’ll send you all the details shortly. Thank you for choosing us—have a fantastic trip!
50,Assistant,Everything is set for your getaway! Thank you for allowing me to assist in planning your travel. Have an amazing time!
51,Assistant,"All done! I’ll email your itinerary shortly. If you need anything else, feel free to reach out. Safe travels!"
